{"v8_current_cpu": "x86", "is_cfi": false, "v8_enable_embedded_builtins": true, "target_cpu": "x86", "is_ubsan_vptr": false, "is_gcov_coverage": false, "dcheck_always_on": false, "v8_target_cpu": "x86", "is_component_build": false, "is_asan": false, "is_android": false, "is_debug": false, "v8_enable_i18n_support": true, "v8_enable_lite_mode": false, "v8_enable_pointer_compression": false, "v8_enable_verify_csa": false, "is_msan": false, "is_tsan": false, "current_cpu": "x86", "v8_use_snapshot": true, "v8_enable_verify_predictable": false}